{
  "hash": "14c2084d",
  "configHash": "2ffc0ae0",
  "lockfileHash": "dda4c1cf",
  "browserHash": "cc1c3d04",
  "optimized": {
    "@angular/common": {
      "src": "../../../../../../node_modules/@angular/common/fesm2022/common.mjs",
      "file": "@angular_common.js",
      "fileHash": "b18943a6",
      "needsInterop": false
    },
    "@angular/core": {
      "src": "../../../../../../node_modules/@angular/core/fesm2022/core.mjs",
      "file": "@angular_core.js",
      "fileHash": "8e901390",
      "needsInterop": false
    },
    "@angular/forms": {
      "src": "../../../../../../node_modules/@angular/forms/fesm2022/forms.mjs",
      "file": "@angular_forms.js",
      "fileHash": "dd6bd4ba",
      "needsInterop": false
    },
    "@angular/platform-browser": {
      "src": "../../../../../../node_modules/@angular/platform-browser/fesm2022/platform-browser.mjs",
      "file": "@angular_platform-browser.js",
      "fileHash": "ce2e391b",
      "needsInterop": false
    },
    "@angular/router": {
      "src": "../../../../../../node_modules/@angular/router/fesm2022/router.mjs",
      "file": "@angular_router.js",
      "fileHash": "c8598359",
      "needsInterop": false
    },
    "@capacitor/preferences": {
      "src": "../../../../../../node_modules/@capacitor/preferences/dist/esm/index.js",
      "file": "@capacitor_preferences.js",
      "fileHash": "d78e2240",
      "needsInterop": false
    },
    "@ionic/angular/standalone": {
      "src": "../../../../../../node_modules/@ionic/angular/fesm2022/ionic-angular-standalone.mjs",
      "file": "@ionic_angular_standalone.js",
      "fileHash": "c2656cd3",
      "needsInterop": false
    },
    "ionicons": {
      "src": "../../../../../../node_modules/ionicons/dist/index.js",
      "file": "ionicons.js",
      "fileHash": "a3143a08",
      "needsInterop": false
    },
    "ionicons/icons": {
      "src": "../../../../../../node_modules/ionicons/icons/index.mjs",
      "file": "ionicons_icons.js",
      "fileHash": "5f746f67",
      "needsInterop": false
    },
    "zone.js": {
      "src": "../../../../../../node_modules/zone.js/fesm2015/zone.js",
      "file": "zone__js.js",
      "fileHash": "300b8ff5",
      "needsInterop": true
    },
    "@ionic/angular": {
      "src": "../../../../../../node_modules/@ionic/angular/fesm2022/ionic-angular.mjs",
      "file": "@ionic_angular.js",
      "fileHash": "92406ebe",
      "needsInterop": false
    }
  },
  "chunks": {
    "index7-EU7GZN53": {
      "file": "index7-EU7GZN53.js"
    },
    "status-tap-GMHL4MGD": {
      "file": "status-tap-GMHL4MGD.js"
    },
    "input-shims-FGD6L5NS": {
      "file": "input-shims-FGD6L5NS.js"
    },
    "focus-visible-XBL42XGV": {
      "file": "focus-visible-XBL42XGV.js"
    },
    "ion-tab_2.entry-XQJOMCD7": {
      "file": "ion-tab_2__entry-XQJOMCD7.js"
    },
    "ion-text.entry-ZEAL3Q7Y": {
      "file": "ion-text__entry-ZEAL3Q7Y.js"
    },
    "ion-textarea.entry-M6MQ5RCR": {
      "file": "ion-textarea__entry-M6MQ5RCR.js"
    },
    "ion-toast.entry-P37ZODXD": {
      "file": "ion-toast__entry-P37ZODXD.js"
    },
    "ion-toggle.entry-7WRQCXMA": {
      "file": "ion-toggle__entry-7WRQCXMA.js"
    },
    "web-BNS6CNDS": {
      "file": "web-BNS6CNDS.js"
    },
    "swipe-back-FYHOR2D6": {
      "file": "swipe-back-FYHOR2D6.js"
    },
    "keyboard-DJSYFZAF": {
      "file": "keyboard-DJSYFZAF.js"
    },
    "ion-segment-content.entry-A5EFRQHK": {
      "file": "ion-segment-content__entry-A5EFRQHK.js"
    },
    "ion-segment-view.entry-7UCCSHL2": {
      "file": "ion-segment-view__entry-7UCCSHL2.js"
    },
    "ion-segment_2.entry-HXJJCWW3": {
      "file": "ion-segment_2__entry-HXJJCWW3.js"
    },
    "ion-select-modal.entry-EKYTE7VT": {
      "file": "ion-select-modal__entry-EKYTE7VT.js"
    },
    "ion-select_3.entry-WXMSDP6H": {
      "file": "ion-select_3__entry-WXMSDP6H.js"
    },
    "ion-spinner.entry-6CNWFUJZ": {
      "file": "ion-spinner__entry-6CNWFUJZ.js"
    },
    "ion-split-pane.entry-KSF4NW72": {
      "file": "ion-split-pane__entry-KSF4NW72.js"
    },
    "ion-tab-bar_2.entry-PKQVJFJI": {
      "file": "ion-tab-bar_2__entry-PKQVJFJI.js"
    },
    "ion-progress-bar.entry-4ZPMG3WG": {
      "file": "ion-progress-bar__entry-4ZPMG3WG.js"
    },
    "ion-radio_2.entry-DVQAHXCZ": {
      "file": "ion-radio_2__entry-DVQAHXCZ.js"
    },
    "chunk-4YTI4ER5": {
      "file": "chunk-4YTI4ER5.js"
    },
    "ion-range.entry-SSEGRDAB": {
      "file": "ion-range__entry-SSEGRDAB.js"
    },
    "ion-refresher_2.entry-PYXDCWRA": {
      "file": "ion-refresher_2__entry-PYXDCWRA.js"
    },
    "chunk-EKTWLTWC": {
      "file": "chunk-EKTWLTWC.js"
    },
    "ion-reorder_2.entry-AHMYZE7K": {
      "file": "ion-reorder_2__entry-AHMYZE7K.js"
    },
    "ion-ripple-effect.entry-A2P2G6C2": {
      "file": "ion-ripple-effect__entry-A2P2G6C2.js"
    },
    "ion-route_4.entry-YT3P5N2T": {
      "file": "ion-route_4__entry-YT3P5N2T.js"
    },
    "ion-searchbar.entry-XH4YJVG7": {
      "file": "ion-searchbar__entry-XH4YJVG7.js"
    },
    "ion-loading.entry-ZPHKJM6Y": {
      "file": "ion-loading__entry-ZPHKJM6Y.js"
    },
    "ion-menu_3.entry-EJMOMXM5": {
      "file": "ion-menu_3__entry-EJMOMXM5.js"
    },
    "ion-modal.entry-QMUB72BY": {
      "file": "ion-modal__entry-QMUB72BY.js"
    },
    "ion-nav_2.entry-44M5DL6Y": {
      "file": "ion-nav_2__entry-44M5DL6Y.js"
    },
    "ion-picker-column-option.entry-B4RKOANS": {
      "file": "ion-picker-column-option__entry-B4RKOANS.js"
    },
    "ion-picker-column.entry-463VL4MO": {
      "file": "ion-picker-column__entry-463VL4MO.js"
    },
    "ion-picker.entry-SFCRY2FJ": {
      "file": "ion-picker__entry-SFCRY2FJ.js"
    },
    "ion-popover.entry-2PTPKK6Y": {
      "file": "ion-popover__entry-2PTPKK6Y.js"
    },
    "ion-fab_3.entry-3ATVF3QA": {
      "file": "ion-fab_3__entry-3ATVF3QA.js"
    },
    "ion-img.entry-ZDCZOKYR": {
      "file": "ion-img__entry-ZDCZOKYR.js"
    },
    "ion-infinite-scroll_2.entry-TR7MXCF7": {
      "file": "ion-infinite-scroll_2__entry-TR7MXCF7.js"
    },
    "ion-input-otp.entry-M43FTBBH": {
      "file": "ion-input-otp__entry-M43FTBBH.js"
    },
    "ion-input-password-toggle.entry-QZUAVRY7": {
      "file": "ion-input-password-toggle__entry-QZUAVRY7.js"
    },
    "ion-input.entry-TIT2TBWA": {
      "file": "ion-input__entry-TIT2TBWA.js"
    },
    "chunk-VJ4YDW2X": {
      "file": "chunk-VJ4YDW2X.js"
    },
    "chunk-PMYGVCNO": {
      "file": "chunk-PMYGVCNO.js"
    },
    "ion-item-option_3.entry-AWB2MAYL": {
      "file": "ion-item-option_3__entry-AWB2MAYL.js"
    },
    "chunk-BW7P24PA": {
      "file": "chunk-BW7P24PA.js"
    },
    "ion-item_8.entry-XLENQ4HV": {
      "file": "ion-item_8__entry-XLENQ4HV.js"
    },
    "ion-breadcrumb_2.entry-WFME7ALN": {
      "file": "ion-breadcrumb_2__entry-WFME7ALN.js"
    },
    "ion-button_2.entry-TEQJ4JCL": {
      "file": "ion-button_2__entry-TEQJ4JCL.js"
    },
    "ion-card_5.entry-N7QH6M6E": {
      "file": "ion-card_5__entry-N7QH6M6E.js"
    },
    "ion-checkbox.entry-SB5XPS7Q": {
      "file": "ion-checkbox__entry-SB5XPS7Q.js"
    },
    "chunk-5FN4WTS4": {
      "file": "chunk-5FN4WTS4.js"
    },
    "ion-chip.entry-7ASQUNJB": {
      "file": "ion-chip__entry-7ASQUNJB.js"
    },
    "ion-col_3.entry-A6NDCHLN": {
      "file": "ion-col_3__entry-A6NDCHLN.js"
    },
    "ion-datetime-button.entry-TUUFZ7IK": {
      "file": "ion-datetime-button__entry-TUUFZ7IK.js"
    },
    "ion-datetime_3.entry-ILZSBSUU": {
      "file": "ion-datetime_3__entry-ILZSBSUU.js"
    },
    "chunk-JYEWDJ6U": {
      "file": "chunk-JYEWDJ6U.js"
    },
    "input-shims-DyOpfTg6-FUWAGIDE": {
      "file": "input-shims-DyOpfTg6-FUWAGIDE.js"
    },
    "keyboard-ywgs5efA-XYMYC7T4": {
      "file": "keyboard-ywgs5efA-XYMYC7T4.js"
    },
    "chunk-QGLHSLIO": {
      "file": "chunk-QGLHSLIO.js"
    },
    "focus-visible-BmVRXR1y-ZTBN6E5W": {
      "file": "focus-visible-BmVRXR1y-ZTBN6E5W.js"
    },
    "chunk-QRN5AHKQ": {
      "file": "chunk-QRN5AHKQ.js"
    },
    "swipe-back-BKw2CAHc-PACAJGGT": {
      "file": "swipe-back-BKw2CAHc-PACAJGGT.js"
    },
    "ion-app_8.entry-5X7P5PRA": {
      "file": "ion-app_8__entry-5X7P5PRA.js"
    },
    "chunk-ACTGXBFA": {
      "file": "chunk-ACTGXBFA.js"
    },
    "chunk-UDOB7BMP": {
      "file": "chunk-UDOB7BMP.js"
    },
    "chunk-5NKZUR6M": {
      "file": "chunk-5NKZUR6M.js"
    },
    "ion-avatar_3.entry-ECWUZL3G": {
      "file": "ion-avatar_3__entry-ECWUZL3G.js"
    },
    "ion-back-button.entry-HKEMSDIO": {
      "file": "ion-back-button__entry-HKEMSDIO.js"
    },
    "ion-backdrop.entry-25WP2YAK": {
      "file": "ion-backdrop__entry-25WP2YAK.js"
    },
    "index-CfgBF1SE-YQMITAOU": {
      "file": "index-CfgBF1SE-YQMITAOU.js"
    },
    "hardware-back-button-CPLxO-Ev-3KL3YH53": {
      "file": "hardware-back-button-CPLxO-Ev-3KL3YH53.js"
    },
    "ion-action-sheet.entry-DNLTKOQX": {
      "file": "ion-action-sheet__entry-DNLTKOQX.js"
    },
    "ion-alert.entry-7D32G2DI": {
      "file": "ion-alert__entry-7D32G2DI.js"
    },
    "chunk-U5PZS4X2": {
      "file": "chunk-U5PZS4X2.js"
    },
    "chunk-32GL4UXS": {
      "file": "chunk-32GL4UXS.js"
    },
    "chunk-V3DEFQ3K": {
      "file": "chunk-V3DEFQ3K.js"
    },
    "chunk-KH3VUFSP": {
      "file": "chunk-KH3VUFSP.js"
    },
    "ios.transition-BDzw0_Hm-KGDNSXU7": {
      "file": "ios__transition-BDzw0_Hm-KGDNSXU7.js"
    },
    "md.transition-BzDYi3qq-J5BB2AF7": {
      "file": "md__transition-BzDYi3qq-J5BB2AF7.js"
    },
    "index-ceb5RaMT-PDFBWN4H": {
      "file": "index-ceb5RaMT-PDFBWN4H.js"
    },
    "status-tap-5DQ7Fc4V-IV2SWCFJ": {
      "file": "status-tap-5DQ7Fc4V-IV2SWCFJ.js"
    },
    "chunk-OGTBBXDO": {
      "file": "chunk-OGTBBXDO.js"
    },
    "chunk-D6MKN2U2": {
      "file": "chunk-D6MKN2U2.js"
    },
    "chunk-L6ISKHKK": {
      "file": "chunk-L6ISKHKK.js"
    },
    "chunk-IUXA2G6D": {
      "file": "chunk-IUXA2G6D.js"
    },
    "chunk-G5UZVNUA": {
      "file": "chunk-G5UZVNUA.js"
    },
    "chunk-IKS2SDKY": {
      "file": "chunk-IKS2SDKY.js"
    },
    "ios.transition-W3IZA6MS": {
      "file": "ios__transition-W3IZA6MS.js"
    },
    "md.transition-VPNSX4QS": {
      "file": "md__transition-VPNSX4QS.js"
    },
    "index3-WDJJIG5O": {
      "file": "index3-WDJJIG5O.js"
    },
    "hardware-back-button-GTEQI45J": {
      "file": "hardware-back-button-GTEQI45J.js"
    },
    "ion-accordion_2.entry-2J4D3JOQ": {
      "file": "ion-accordion_2__entry-2J4D3JOQ.js"
    },
    "chunk-IUTD4BIB": {
      "file": "chunk-IUTD4BIB.js"
    },
    "chunk-T5FH7CPM": {
      "file": "chunk-T5FH7CPM.js"
    },
    "chunk-34QX6F67": {
      "file": "chunk-34QX6F67.js"
    },
    "chunk-FLRFXEXI": {
      "file": "chunk-FLRFXEXI.js"
    },
    "chunk-WLKRJWKT": {
      "file": "chunk-WLKRJWKT.js"
    },
    "chunk-RNDAXC4T": {
      "file": "chunk-RNDAXC4T.js"
    },
    "chunk-YHTFT7Q3": {
      "file": "chunk-YHTFT7Q3.js"
    },
    "chunk-Z3OEOVFM": {
      "file": "chunk-Z3OEOVFM.js"
    },
    "chunk-QA2SYHF5": {
      "file": "chunk-QA2SYHF5.js"
    },
    "chunk-UN4C2RJU": {
      "file": "chunk-UN4C2RJU.js"
    },
    "chunk-WAHVUACN": {
      "file": "chunk-WAHVUACN.js"
    },
    "chunk-FK6V6ZWY": {
      "file": "chunk-FK6V6ZWY.js"
    },
    "chunk-A656Q22P": {
      "file": "chunk-A656Q22P.js"
    },
    "chunk-KE377TZJ": {
      "file": "chunk-KE377TZJ.js"
    },
    "chunk-LCMILTBF": {
      "file": "chunk-LCMILTBF.js"
    },
    "chunk-WD3Z6DJR": {
      "file": "chunk-WD3Z6DJR.js"
    },
    "chunk-2CZSUW6O": {
      "file": "chunk-2CZSUW6O.js"
    },
    "chunk-7YP4I6M7": {
      "file": "chunk-7YP4I6M7.js"
    },
    "chunk-ZOM2SJBV": {
      "file": "chunk-ZOM2SJBV.js"
    },
    "chunk-PMTKRSGE": {
      "file": "chunk-PMTKRSGE.js"
    },
    "chunk-4554YRK6": {
      "file": "chunk-4554YRK6.js"
    },
    "chunk-6U2AQA2C": {
      "file": "chunk-6U2AQA2C.js"
    },
    "chunk-JTFYPPJN": {
      "file": "chunk-JTFYPPJN.js"
    },
    "chunk-2H3NLAAY": {
      "file": "chunk-2H3NLAAY.js"
    },
    "chunk-QEE7QVES": {
      "file": "chunk-QEE7QVES.js"
    },
    "chunk-HZIQYESF": {
      "file": "chunk-HZIQYESF.js"
    },
    "chunk-47XQV342": {
      "file": "chunk-47XQV342.js"
    },
    "chunk-BPZAQ2AH": {
      "file": "chunk-BPZAQ2AH.js"
    },
    "chunk-W25L3EG5": {
      "file": "chunk-W25L3EG5.js"
    },
    "chunk-FMMJTKG6": {
      "file": "chunk-FMMJTKG6.js"
    },
    "chunk-O6T3DFBA": {
      "file": "chunk-O6T3DFBA.js"
    },
    "chunk-6RGO3CMA": {
      "file": "chunk-6RGO3CMA.js"
    },
    "chunk-ZYHIF3XV": {
      "file": "chunk-ZYHIF3XV.js"
    },
    "chunk-H2QGAFZR": {
      "file": "chunk-H2QGAFZR.js"
    },
    "chunk-QHQP2P2Z": {
      "file": "chunk-QHQP2P2Z.js"
    }
  }
}